{"cameraMode":{"drawMode":0,"name":"Shaded","section":"Shading Mode"},"sceneLighting":true,"audioPlay":false,"sceneViewState":{"m_AlwaysRefresh":false,"showFog":true,"showSkybox":true,"showFlares":true,"showImageEffects":true,"showParticleSystems":true,"showVisualEffectGraphs":true,"m_FxEnabled":true},"in2DMode":false,"pivot":{"x":-0.012084116227924824,"y":-0.5887050628662109,"z":-0.1263737678527832},"rotation":{"x":0.44654324650764468,"y":2.3335370968879944e-8,"z":1.4473691578587023e-8,"w":0.8947623372077942},"size":5.542193412780762,"orthographic":false}