{"cameraMode":{"drawMode":0,"name":"Shaded","section":"Shading Mode"},"sceneLighting":true,"audioPlay":false,"sceneViewState":{"m_AlwaysRefresh":false,"showFog":true,"showSkybox":true,"showFlares":true,"showImageEffects":true,"showParticleSystems":true,"showVisualEffectGraphs":true,"m_FxEnabled":true},"in2DMode":false,"pivot":{"x":-0.9588510990142822,"y":-1.3385510444641114,"z":1.7629427909851075},"rotation":{"x":0.37967586517333987,"y":-0.17327232658863069,"z":0.0726255401968956,"w":0.9058420062065125},"size":4.394618034362793,"orthographic":false}